<?xml version="1.0" encoding="UTF-8"?>
<project-private xmlns="http://www.netbeans.org/ns/project-private/1">
    <editor-bookmarks xmlns="http://www.netbeans.org/ns/editor-bookmarks/2" lastBookmarkId="0"/>
    <open-files xmlns="http://www.netbeans.org/ns/projectui-open-files/2">
        <group>
            <file>file:/C:/Users/k00218290/Desktop/y3Project/mainProject/src/java/model/DatabaseUtilityClass.java</file>
            <file>file:/C:/Users/k00218290/Desktop/y3Project/mainProject/web/css/fontCss.css</file>
            <file>file:/C:/Users/k00218290/Desktop/y3Project/mainProject/src/java/controller/EntryControllerNM1.java</file>
            <file>file:/C:/Users/k00218290/Desktop/y3Project/mainProject/web/css/colourCss.css</file>
            <file>file:/C:/Users/k00218290/Desktop/y3Project/mainProject/web/SignUpNM.jsp</file>
            <file>file:/C:/Users/k00218290/Desktop/y3Project/mainProject/web/GalleryNM.jsp</file>
            <file>file:/C:/Users/k00218290/Desktop/y3Project/mainProject/web/index.html</file>
            <file>file:/C:/Users/k00218290/Desktop/y3Project/mainProject/web/css/layoutCss.css</file>
            <file>file:/C:/Users/k00218290/Desktop/y3Project/mainProject/src/java/controller/EntryControllerNM.java</file>
            <file>file:/C:/Users/k00218290/Desktop/y3Project/mainProject/src/java/controller/UserControllerNM.java</file>
            <file>file:/C:/Users/k00218290/Desktop/y3Project/mainProject/src/java/model/User.java</file>
            <file>file:/C:/Users/k00218290/Desktop/y3Project/mainProject/src/java/controller/UserControllerNM1.java</file>
            <file>file:/C:/Users/k00218290/Desktop/y3Project/mainProject/src/java/model/Entry.java</file>
            <file>file:/C:/Users/k00218290/Desktop/y3Project/mainProject/web/GalleryHomeNM.jsp</file>
        </group>
    </open-files>
</project-private>
